account,date_ordered,item_code,item_name,units,equipment_type
BluePeak Logistics,2024-09-02,CHN-090,Chain Link Kit,2,Belt Conveyor 4
BluePeak Logistics,2024-09-05,HYD-220,Hydraulic Hose,3,Forklift FL-7
BluePeak Logistics,2024-09-12,BAT-1200,Battery Cell,1,Forklift FL-7
BluePeak Logistics,2024-09-30,FT-455,Forklift Tire,2,Forklift FL-7
BluePeak Logistics,2024-10-09,CHN-090,Chain Link Kit,1,Belt Conveyor 4
BluePeak Logistics,2024-10-25,CR-8801,Conveyor Roller,3,Belt Conveyor 4
BluePeak Logistics,2024-11-01,HYD-220,Hydraulic Hose,3,Forklift FL-7
BluePeak Logistics,2024-11-14,CHN-090,Chain Link Kit,2,Belt Conveyor 4
BluePeak Logistics,2024-12-23,CHN-090,Chain Link Kit,1,Belt Conveyor 4
BluePeak Logistics,2024-12-24,CR-8801,Conveyor Roller,4,Belt Conveyor 4
BluePeak Logistics,2024-12-31,HYD-220,Hydraulic Hose,1,Forklift FL-7
BluePeak Logistics,2025-01-25,CHN-090,Chain Link Kit,2,Belt Conveyor 4
BluePeak Logistics,2025-02-28,FT-455,Forklift Tire,4,Forklift FL-7
BluePeak Logistics,2025-03-04,CHN-090,Chain Link Kit,1,Belt Conveyor 4
BluePeak Logistics,2025-03-05,HYD-220,Hydraulic Hose,3,Forklift FL-7
BluePeak Logistics,2025-03-13,CR-8801,Conveyor Roller,3,Belt Conveyor 4
BluePeak Logistics,2025-04-14,CHN-090,Chain Link Kit,1,Belt Conveyor 4
BluePeak Logistics,2025-05-03,BAT-1200,Battery Cell,1,Forklift FL-7
BluePeak Logistics,2025-05-08,HYD-220,Hydraulic Hose,1,Forklift FL-7
BluePeak Logistics,2025-05-16,CHN-090,Chain Link Kit,1,Belt Conveyor 4
BluePeak Logistics,2025-05-24,CR-8801,Conveyor Roller,4,Belt Conveyor 4
BluePeak Logistics,2025-06-28,CHN-090,Chain Link Kit,2,Belt Conveyor 4
BluePeak Logistics,2025-07-05,HYD-220,Hydraulic Hose,2,Forklift FL-7
BluePeak Logistics,2025-08-06,CR-8801,Conveyor Roller,3,Belt Conveyor 4
BluePeak Logistics,2025-08-07,FT-455,Forklift Tire,4,Forklift FL-7
BluePeak Logistics,2025-08-09,CHN-090,Chain Link Kit,2,Belt Conveyor 4
BluePeak Logistics,2025-09-11,CHN-090,Chain Link Kit,1,Belt Conveyor 4
BluePeak Logistics,2025-09-15,HYD-220,Hydraulic Hose,1,Forklift FL-7
BluePeak Logistics,2025-10-22,CHN-090,Chain Link Kit,1,Belt Conveyor 4
BluePeak Logistics,2025-10-25,CR-8801,Conveyor Roller,2,Belt Conveyor 4
BluePeak Logistics,2025-11-12,BAT-1200,Battery Cell,1,Forklift FL-7
BluePeak Logistics,2025-11-23,HYD-220,Hydraulic Hose,3,Forklift FL-7
BluePeak Logistics,2025-11-28,CHN-090,Chain Link Kit,1,Belt Conveyor 4
BluePeak Logistics,2026-01-05,FT-455,Forklift Tire,2,Forklift FL-7
BluePeak Logistics,2026-01-09,CHN-090,Chain Link Kit,1,Belt Conveyor 4
BluePeak Logistics,2026-01-16,CR-8801,Conveyor Roller,4,Belt Conveyor 4
BluePeak Logistics,2026-01-17,HYD-220,Hydraulic Hose,1,Forklift FL-7
BluePeak Logistics,2026-02-19,CHN-090,Chain Link Kit,1,Belt Conveyor 4
BluePeak Logistics,2026-03-16,HYD-220,Hydraulic Hose,3,Forklift FL-7
BluePeak Logistics,2026-03-29,CR-8801,Conveyor Roller,4,Belt Conveyor 4
BluePeak Logistics,2026-04-04,CHN-090,Chain Link Kit,2,Belt Conveyor 4
BluePeak Logistics,2026-05-09,HYD-220,Hydraulic Hose,3,Forklift FL-7
BluePeak Logistics,2026-05-15,CHN-090,Chain Link Kit,1,Belt Conveyor 4
BluePeak Logistics,2026-05-16,BAT-1200,Battery Cell,1,Forklift FL-7
BluePeak Logistics,2026-06-12,CR-8801,Conveyor Roller,4,Belt Conveyor 4
BluePeak Logistics,2026-06-12,FT-455,Forklift Tire,4,Forklift FL-7
BluePeak Logistics,2026-06-28,HYD-220,Hydraulic Hose,2,Forklift FL-7
BluePeak Logistics,2026-06-28,CHN-090,Chain Link Kit,2,Belt Conveyor 4
BluePeak Logistics,2026-08-09,CHN-090,Chain Link Kit,1,Belt Conveyor 4
BluePeak Logistics,2026-08-26,CR-8801,Conveyor Roller,2,Belt Conveyor 4
